Workbook

Sheet Documentacion
A1: DOCUMENTACIÓN
A5: ¿Qué representa cada fila? → Cada fila es un estudiante. Un registro = una persona.
A7: ¿Qué representa cada columna? → Ya lo viste en la tabla que te mostré. Cada columna es una característica de ese estudiante (edad, horas de juego, nota, etc.).
A9: ¿Qué tipo de dato debería tener cada campo?
A10: Columna | B10: Tipo esperado | C10: Observación
A11: student_id | B11: Número entero | C11: ID, no se opera matemáticamente
A12: age | B12: Número entero | C12: Edades entre 16 y 24
A13: gender | B13: Texto | C13: 3 valores: Male, Female, Other
A14: gaming_hours | B14: Número decimal | C14: 0 a 8 horas
A15: study_hours | B15: Número decimal | C15: 1 a 10 horas
A16: sleep_hours | B16: Número decimal | C16: 4 a 9 horas
A17: attendance | B17: Número decimal | C17: % de 60 a 100
A18: gaming_genre | B18: Texto | C18: FPS, Casual, RPG
A19: social_activity | B19: Número decimal | C19: —
A20: Est | B20: Número decimal | C20: —
A21: reaction_time_ms | B21: Número decimal | C21: Milisegundos
... A24: grades | B24: Número decimal | C24: Tiene valores > 100 = error
A26: Limpieza realizada: grades > 100 → reemplazado por vacío (134 registros afectados) addiction_score < 0 → reemplazado por vacío (aprox. 50 registros afectados) Texto en gender, gaming_genre y stress_level → estandarizado con NOMPROPIO + ESPACIOS Duplicados verificados: ninguno encontrado
A33: Columna rendimiento_alto: clasifica estudiantes por encima/debajo del promedio de notas Columna nivel_gaming: clasifica por horas de juego (casual / moderado / intensivo) Validación aplicada en gaming_genre: solo acepta FPS, Casual, RPG Validación aplicada en gaming_hours: solo acepta valores entre 0 y 8 Formato condicional: verde para notas sobre el promedio, rojo para celdas vacías (errores)
A39: 3 tablas dinámicas creadas en hoja analysis KPIs calculados: nota promedio, nota máxima, horas de juego promedio, % rendimiento alto Funciones condicionales: PROMEDIO.SI por género de juego, CONTAR.SI por nivel de estrés BUSCARX implementado en celda S2 para búsqueda por student_id
A44: Dashboard creado en hoja dashboard con 4 KPIs, 3 gráficos e insights Paleta de colores: Azul oscuro (#1F4E79) con texto blanco y fondo gris claro. Insights redactados basados en análisis de gaming_genre, stress_level y gaming_hours
A48: Transformaciones adicionales total_screen_hours = gaming_hours + device_usage hours_ratio = study_hours / gaming_hours performance_group = Alto / Medio / Bajo según grades
A53: Entrega Archivo preparado como plantilla reutilizable. Las hojas Base de datos limpia, Analisis y Graficos se actualizan automáticamente si se reemplaza el contenido de Base de datos cruda con un nuevo dataset del mismo formato. Supuestos: notas mayores a 100 y addiction_score negativos se consideran errores de carga y fueron excluidos del análisis.

Sheet Base de datos cruda
A1: student_id | B1: age | C1: gender | D1: gaming_hours | E1: study_hours | F1: sleep_hours | G1: attendance | H1: gaming_genre | I1: social_activity | J1: device_usage | K1: reaction_time_ms | L1: addiction_score | M1: stress_level | N1: grades
A2: 1 | B2: 22 | C2: Male | D2: 7.23 | E2: 8.78 | F2: 6.96 | G2: 91.44 | H2: FPS | I2: 3.25 | J2: 9.36 | K2: 235.84 | L2: 14.69 | M2: Low | N2: 86.459555
A3: 2 | B3: 19 | C3: Male | D3: 0.07 | E3: 8.72 | F3: 7.63 | G3: 63.63 | H3: Casual | I3: 1.02 | J3: 3.21 | K3: 328.71 | L3: 2.47 | M3: Medium | N3: 98.23
A4: 3 | B4: 23 | C4: Female | D4: 1.73 | E4: 9.56 | F4: 4.4 | G4: 83.26 | H4: Casual | I4: 3.46 | J4: 5.56 | K4: 313.61 | L4: 4.73 | M4: High | N4: 90.56
A5: 4 | B5: 20 | C5: Female | D5: 6.62 | E5: 1.68 | F5: 7.83 | G5: 75.04 | H5: RPG | I5: 1.46 | J5: 11.78 | K5: 241.84 | L5: 14.54 | M5: Low | N5: 32.67
A6: 5 | B6: 22 | C6: Female | D6: 5.36 | E6: 5.83 | F6: 5.55 | G6: 65.57 | H6: FPS | I6: 1.01 | J6: 8.23 | K6: 249.31 | L6: 12.48 | M6: Low | N6: 58.71
A7: 6 | B7: 18 | C7: Male | D7: 7.16 | E7: 6.84 | F7: 8.03 | G7: 68.11 | H7: RPG | I7: 3.74 | J7: 10.9 | K7: 242.75 | L7: 18.75 | M7: Low | N7: 57.52
A8: 7 | B8: 22 | C8: Female | D8: 0.46 | E8: 7.4 | F8: 6.55 | G8: 91.25 | H8: Casual | I8: 1.81 | J8: 2.86 | K8: 320.2 | L8: 1.74 | M8: Medium | N8: 94
A9: 8 | B9: 23 | C9: Female | D9: 4.78 | E9: 6.79 | F9: 5.37 | G9: 66.46 | H9: FPS | I9: 2.85 | J9: 9.96 | K9: 271.21 | L9: 11.75 | M9: Medium | N9: 62.11
A10: 9 | B10: 20 | C10: Female | D10: 4.55 | E10: 7.93 | F10: 8.76 | G10: 72.5 | H10: FPS | I10: 1 | J10: 9.48 | K10: 272.39 | L10: 11.04 | M10: Medium | N10: 80.94
A11: 10 | B11: 19 | C11: Male | D11: 0.29 | E11: 4.24 | F11: 7.83 | G11: 71.39 | H11: Casual | I11: 3.07 | J11: 5.39 | K11: 318.59 | L11: 4.72 | M11: Medium | N11: 82.349235
A12: 11 | B12: 23 | C12: Female | D12: 4.11 | E12: 2.61 | F12: 8.93 | G12: 61.95 | H12: RPG | I12: 1.04 | J12: 5.4 | K12: 273.33 | L12: 10.57 | M12: Medium | N12: 52.31
A13: 12 | B13: 23 | C13: Female | D13: 4.88 | E13: 2.84 | F13: 5.82 | G13: 78.49 | H13: RPG | I13: 0.83 | J13: 8.31 | K13: 268.46 | L13: 9.32 | M13: Medium | N13: 42.02
... A8001: 8000 | B8001: 18 | C8001: Female | D8001: 1.73 | E8001: 8.75 | F8001: 7.65 | G8001: 78.68 | H8001: RPG | I8001: 4.03 | J8001: 6.33 | K8001: 302.25 | L8001: 4.05 | M8001: Medium | N8001: 100

Sheet Base de datos limpia
A1: student_id | B1: age | C1: gender | D1: gaming_hours | E1: study_hours | F1: sleep_hours | G1: attendance | H1: gaming_genre | I1: social_activity | J1: device_usage | K1: reaction_time_ms | L1: addiction_score | M1: stress_level | N1: grades | O1: grades_clean | P1: total_screen_hours | Q1: hours_ratio | R1: performance_group | S1: rendimiento_alto | T1: nivel_gaming
A2: 1 | B2: 22 | C2: =TRIM(PROPER('Base de datos cruda'!C2)) -> Male | D2: 7.23 | E2: 8.78 | F2: 6.96 | G2: 91.44 | H2: =TRIM(PROPER('Base de datos cruda'!H2)) -> Fps | I2: 3.25 | J2: 9.36 | K2: 235.84 | L2: =IF('Base de datos cruda'!L2<0,,'Base de datos cruda'!L2) -> 14.69 | M2: =IF(TRIM(PROPER('Base de datos cruda'!M2))="High","Alto",IF(TRIM(PROPER('Base de datos cruda'!M2))="Medium","Medio","Bajo")) -> Bajo | N2: 86.459555 | O2: =IF(N2>100,"",N2) -> 86.459555 | P2: =SUM(D2,J2) -> 16.59 | Q2: =IF(D2=0,"Sin ratio",E2/D2) -> 1.2143845 | R2: =IF(N2>=70, "Alto",IF(N2>=50,"Medio", "Bajo")) -> Alto | S2: =IF(O2="","",IF(O2>AVERAGE('Base de datos limpia'!$O$2:$O$8001),"Alto","Normal")) -> Alto | T2: =IF(E2>=6, "Gamer intensivo", IF(E2>=3,"Gamer moderado","Gamer casual")) -> Gamer intensivo
A3: 2 | B3: 19 | C3: =TRIM(PROPER('Base de datos cruda'!C3)) -> Male | D3: 0.07 | E3: 8.72 | F3: 7.63 | G3: 63.63 | H3: =TRIM(PROPER('Base de datos cruda'!H3)) -> Casual | I3: 1.02 | J3: 3.21 | K3: 328.71 | L3: =IF('Base de datos cruda'!L3<0,,'Base de datos cruda'!L3) -> 2.47 | M3: =IF(TRIM(PROPER('Base de datos cruda'!M3))="High","Alto",IF(TRIM(PROPER('Base de datos cruda'!M3))="Medium","Medio","Bajo")) -> Medio | N3: 98.23 | O3: =IF(N3>100,"",N3) -> 98.23 | P3: =SUM(D3,J3) -> 3.28 | Q3: =IF(D3=0,"Sin ratio",E3/D3) -> 124.57143 | R3: =IF(N3>=70, "Alto",IF(N3>=50,"Medio", "Bajo")) -> Alto | S3: =IF(O3="","",IF(O3>AVERAGE('Base de datos limpia'!$O$2:$O$8001),"Alto","Normal")) -> Alto | T3: =IF(E3>=6, "Gamer intensivo", IF(E3>=3,"Gamer moderado","Gamer casual")) -> Gamer intensivo
A4: 3 | B4: 23 | C4: =TRIM(PROPER('Base de datos cruda'!C4)) -> Female | D4: 1.73 | E4: 9.56 | F4: 4.4 | G4: 83.26 | H4: =TRIM(PROPER('Base de datos cruda'!H4)) -> Casual | I4: 3.46 | J4: 5.56 | K4: 313.61 | L4: =IF('Base de datos cruda'!L4<0,,'Base de datos cruda'!L4) -> 4.73 | M4: =IF(TRIM(PROPER('Base de datos cruda'!M4))="High","Alto",IF(TRIM(PROPER('Base de datos cruda'!M4))="Medium","Medio","Bajo")) -> Alto | N4: 90.56 | O4: =IF(N4>100,"",N4) -> 90.56 | P4: =SUM(D4,J4) -> 7.29 | Q4: =IF(D4=0,"Sin ratio",E4/D4) -> 5.5260116 | R4: =IF(N4>=70, "Alto",IF(N4>=50,"Medio", "Bajo")) -> Alto | S4: =IF(O4="","",IF(O4>AVERAGE('Base de datos limpia'!$O$2:$O$8001),"Alto","Normal")) -> Alto | T4: =IF(E4>=6, "Gamer intensivo", IF(E4>=3,"Gamer moderado","Gamer casual")) -> Gamer intensivo
A5: 4 | B5: 20 | C5: =TRIM(PROPER('Base de datos cruda'!C5)) -> Female | D5: 6.62 | E5: 1.68 | F5: 7.83 | G5: 75.04 | H5: =TRIM(PROPER('Base de datos cruda'!H5)) -> Rpg | I5: 1.46 | J5: 11.78 | K5: 241.84 | L5: =IF('Base de datos cruda'!L5<0,,'Base de datos cruda'!L5) -> 14.54 | M5: =IF(TRIM(PROPER('Base de datos cruda'!M5))="High","Alto",IF(TRIM(PROPER('Base de datos cruda'!M5))="Medium","Medio","Bajo")) -> Bajo | N5: 32.67 | O5: =IF(N5>100,"",N5) -> 32.67 | P5: =SUM(D5,J5) -> 18.4 | Q5: =IF(D5=0,"Sin ratio",E5/D5) -> 0.25377644 | R5: =IF(N5>=70, "Alto",IF(N5>=50,"Medio", "Bajo")) -> Bajo | S5: =IF(O5="","",IF(O5>AVERAGE('Base de datos limpia'!$O$2:$O$8001),"Alto","Normal")) -> Normal | T5: =IF(E5>=6, "Gamer intensivo", IF(E5>=3,"Gamer moderado","Gamer casual")) -> Gamer casual
A6: 5 | B6: 22 | C6: =TRIM(PROPER('Base de datos cruda'!C6)) -> Female | D6: 5.36 | E6: 5.83 | F6: 5.55 | G6: 65.57 | H6: =TRIM(PROPER('Base de datos cruda'!H6)) -> Fps | I6: 1.01 | J6: 8.23 | K6: 249.31 | L6: =IF('Base de datos cruda'!L6<0,,'Base de datos cruda'!L6) -> 12.48 | M6: =IF(TRIM(PROPER('Base de datos cruda'!M6))="High","Alto",IF(TRIM(PROPER('Base de datos cruda'!M6))="Medium","Medio","Bajo")) -> Bajo | N6: 58.71 | O6: =IF(N6>100,"",N6) -> 58.71 | P6: =SUM(D6,J6) -> 13.59 | Q6: =IF(D6=0,"Sin ratio",E6/D6) -> 1.0876866 | R6: =IF(N6>=70, "Alto",IF(N6>=50,"Medio", "Bajo")) -> Medio | S6: =IF(O6="","",IF(O6>AVERAGE('Base de datos limpia'!$O$2:$O$8001),"Alto","Normal")) -> Normal | T6: =IF(E6>=6, "Gamer intensivo", IF(E6>=3,"Gamer moderado","Gamer casual")) -> Gamer moderado
A7: 6 | B7: 18 | C7: =TRIM(PROPER('Base de datos cruda'!C7)) -> Male | D7: 7.16 | E7: 6.84 | F7: 8.03 | G7: 68.11 | H7: =TRIM(PROPER('Base de datos cruda'!H7)) -> Rpg | I7: 3.74 | J7: 10.9 | K7: 242.75 | L7: =IF('Base de datos cruda'!L7<0,,'Base de datos cruda'!L7) -> 18.75 | M7: =IF(TRIM(PROPER('Base de datos cruda'!M7))="High","Alto",IF(TRIM(PROPER('Base de datos cruda'!M7))="Medium","Medio","Bajo")) -> Bajo | N7: 57.52 | O7: =IF(N7>100,"",N7) -> 57.52 | P7: =SUM(D7,J7) -> 18.06 | Q7: =IF(D7=0,"Sin ratio",E7/D7) -> 0.95530726 | R7: =IF(N7>=70, "Alto",IF(N7>=50,"Medio", "Bajo")) -> Medio | S7: =IF(O7="","",IF(O7>AVERAGE('Base de datos limpia'!$O$2:$O$8001),"Alto","Normal")) -> Normal | T7: =IF(E7>=6, "Gamer intensivo", IF(E7>=3,"Gamer moderado","Gamer casual")) -> Gamer intensivo
A8: 7 | B8: 22 | C8: =TRIM(PROPER('Base de datos cruda'!C8)) -> Female | D8: 0.46 | E8: 7.4 | F8: 6.55 | G8: 91.25 | H8: =TRIM(PROPER('Base de datos cruda'!H8)) -> Casual | I8: 1.81 | J8: 2.86 | K8: 320.2 | L8: =IF('Base de datos cruda'!L8<0,,'Base de datos cruda'!L8) -> 1.74 | M8: =IF(TRIM(PROPER('Base de datos cruda'!M8))="High","Alto",IF(TRIM(PROPER('Base de datos cruda'!M8))="Medium","Medio","Bajo")) -> Medio | N8: 94 | O8: =IF(N8>100,"",N8) -> 94 | P8: =SUM(D8,J8) -> 3.32 | Q8: =IF(D8=0,"Sin ratio",E8/D8) -> 16.086957 | R8: =IF(N8>=70, "Alto",IF(N8>=50,"Medio", "Bajo")) -> Alto | S8: =IF(O8="","",IF(O8>AVERAGE('Base de datos limpia'!$O$2:$O$8001),"Alto","Normal")) -> Alto | T8: =IF(E8>=6, "Gamer intensivo", IF(E8>=3,"Gamer moderado","Gamer casual")) -> Gamer intensivo
A9: 8 | B9: 23 | C9: =TRIM(PROPER('Base de datos cruda'!C9)) -> Female | D9: 4.78 | E9: 6.79 | F9: 5.37 | G9: 66.46 | H9: =TRIM(PROPER('Base de datos cruda'!H9)) -> Fps | I9: 2.85 | J9: 9.96 | K9: 271.21 | L9: =IF('Base de datos cruda'!L9<0,,'Base de datos cruda'!L9) -> 11.75 | M9: =IF(TRIM(PROPER('Base de datos cruda'!M9))="High","Alto",IF(TRIM(PROPER('Base de datos cruda'!M9))="Medium","Medio","Bajo")) -> Medio | N9: 62.11 | O9: =IF(N9>100,"",N9) -> 62.11 | P9: =SUM(D9,J9) -> 14.74 | Q9: =IF(D9=0,"Sin ratio",E9/D9) -> 1.4205021 | R9: =IF(N9>=70, "Alto",IF(N9>=50,"Medio", "Bajo")) -> Medio | S9: =IF(O9="","",IF(O9>AVERAGE('Base de datos limpia'!$O$2:$O$8001),"Alto","Normal")) -> Normal | T9: =IF(E9>=6, "Gamer intensivo", IF(E9>=3,"Gamer moderado","Gamer casual")) -> Gamer intensivo
A10: 9 | B10: 20 | C10: =TRIM(PROPER('Base de datos cruda'!C10)) -> Female | D10: 4.55 | E10: 7.93 | F10: 8.76 | G10: 72.5 | H10: =TRIM(PROPER('Base de datos cruda'!H10)) -> Fps | I10: 1 | J10: 9.48 | K10: 272.39 | L10: =IF('Base de datos cruda'!L10<0,,'Base de datos cruda'!L10) -> 11.04 | M10: =IF(TRIM(PROPER('Base de datos cruda'!M10))="High","Alto",IF(TRIM(PROPER('Base de datos cruda'!M10))="Medium","Medio","Bajo")) -> Medio | N10: 80.94 | O10: =IF(N10>100,"",N10) -> 80.94 | P10: =SUM(D10,J10) -> 14.03 | Q10: =IF(D10=0,"Sin ratio",E10/D10) -> 1.7428571 | R10: =IF(N10>=70, "Alto",IF(N10>=50,"Medio", "Bajo")) -> Alto | S10: =IF(O10="","",IF(O10>AVERAGE('Base de datos limpia'!$O$2:$O$8001),"Alto","Normal")) -> Alto | T10: =IF(E10>=6, "Gamer intensivo", IF(E10>=3,"Gamer moderado","Gamer casual")) -> Gamer intensivo
A11: 10 | B11: 19 | C11: =TRIM(PROPER('Base de datos cruda'!C11)) -> Male | D11: 0.29 | E11: 4.24 | F11: 7.83 | G11: 71.39 | H11: =TRIM(PROPER('Base de datos cruda'!H11)) -> Casual | I11: 3.07 | J11: 5.39 | K11: 318.59 | L11: =IF('Base de datos cruda'!L11<0,,'Base de datos cruda'!L11) -> 4.72 | M11: =IF(TRIM(PROPER('Base de datos cruda'!M11))="High","Alto",IF(TRIM(PROPER('Base de datos cruda'!M11))="Medium","Medio","Bajo")) -> Medio | N11: 82.349235 | O11: =IF(N11>100,"",N11) -> 82.349236 | P11: =SUM(D11,J11) -> 5.68 | Q11: =IF(D11=0,"Sin ratio",E11/D11) -> 14.62069 | R11: =IF(N11>=70, "Alto",IF(N11>=50,"Medio", "Bajo")) -> Alto | S11: =IF(O11="","",IF(O11>AVERAGE('Base de datos limpia'!$O$2:$O$8001),"Alto","Normal")) -> Alto | T11: =IF(E11>=6, "Gamer intensivo", IF(E11>=3,"Gamer moderado","Gamer casual")) -> Gamer moderado
A12: 11 | B12: 23 | C12: =TRIM(PROPER('Base de datos cruda'!C12)) -> Female | D12: 4.11 | E12: 2.61 | F12: 8.93 | G12: 61.95 | H12: =TRIM(PROPER('Base de datos cruda'!H12)) -> Rpg | I12: 1.04 | J12: 5.4 | K12: 273.33 | L12: =IF('Base de datos cruda'!L12<0,,'Base de datos cruda'!L12) -> 10.57 | M12: =IF(TRIM(PROPER('Base de datos cruda'!M12))="High","Alto",IF(TRIM(PROPER('Base de datos cruda'!M12))="Medium","Medio","Bajo")) -> Medio | N12: 52.31 | O12: =IF(N12>100,"",N12) -> 52.31 | P12: =SUM(D12,J12) -> 9.51 | Q12: =IF(D12=0,"Sin ratio",E12/D12) -> 0.6350365 | R12: =IF(N12>=70, "Alto",IF(N12>=50,"Medio", "Bajo")) -> Medio | S12: =IF(O12="","",IF(O12>AVERAGE('Base de datos limpia'!$O$2:$O$8001),"Alto","Normal")) -> Normal | T12: =IF(E12>=6, "Gamer intensivo", IF(E12>=3,"Gamer moderado","Gamer casual")) -> Gamer casual
A13: 12 | B13: 23 | C13: =TRIM(PROPER('Base de datos cruda'!C13)) -> Female | D13: 4.88 | E13: 2.84 | F13: 5.82 | G13: 78.49 | H13: =TRIM(PROPER('Base de datos cruda'!H13)) -> Rpg | I13: 0.83 | J13: 8.31 | K13: 268.46 | L13: =IF('Base de datos cruda'!L13<0,,'Base de datos cruda'!L13) -> 9.32 | M13: =IF(TRIM(PROPER('Base de datos cruda'!M13))="High","Alto",IF(TRIM(PROPER('Base de datos cruda'!M13))="Medium","Medio","Bajo")) -> Medio | N13: 42.02 | O13: =IF(N13>100,"",N13) -> 42.02 | P13: =SUM(D13,J13) -> 13.19 | Q13: =IF(D13=0,"Sin ratio",E13/D13) -> 0.58196721 | R13: =IF(N13>=70, "Alto",IF(N13>=50,"Medio", "Bajo")) -> Bajo | S13: =IF(O13="","",IF(O13>AVERAGE('Base de datos limpia'!$O$2:$O$8001),"Alto","Normal")) -> Normal | T13: =IF(E13>=6, "Gamer intensivo", IF(E13>=3,"Gamer moderado","Gamer casual")) -> Gamer casual
... A8001: 8000 | B8001: 18 | C8001: =TRIM(PROPER('Base de datos cruda'!C8001)) -> Female | D8001: 1.73 | E8001: 8.75 | F8001: 7.65 | G8001: 78.68 | H8001: =TRIM(PROPER('Base de datos cruda'!H8001)) -> Rpg | I8001: 4.03 | J8001: 6.33 | K8001: 302.25 | L8001: =IF('Base de datos cruda'!L8001<0,,'Base de datos cruda'!L8001) -> 4.05 | M8001: =IF(TRIM(PROPER('Base de datos cruda'!M8001))="High","Alto",IF(TRIM(PROPER('Base de datos cruda'!M8001))="Medium","Medio","Bajo")) -> Medio | N8001: 100 | O8001: =IF(N8001>100,"",N8001) -> 100 | P8001: =SUM(D8001,J8001) -> 8.06 | Q8001: =IF(D8001=0,"Sin ratio",E8001/D8001) -> 5.0578035 | R8001: =IF(N8001>=70, "Alto",IF(N8001>=50,"Medio", "Bajo")) -> Alto | S8001: =IF(O8001="","",IF(O8001>AVERAGE('Base de datos limpia'!$O$2:$O$8001),"Alto","Normal")) -> Alto | T8001: =IF(E8001>=6, "Gamer intensivo", IF(E8001>=3,"Gamer moderado","Gamer casual")) -> Gamer intensivo

Sheet Analisis
B11: Column 1 | C11: Student ID | D11: Nota | F11: Nota promedio general | G11: =AVERAGE('Base de datos limpia'!O2:O8001) -> 65.502585
B12: 1 | C12: {=INDEX('Base de datos limpia'!A$2:A$8001,MATCH(LARGE('Base de datos limpia'!N$2:N$8001,1),'Base de datos limpia'!N$2:N$8001,0))} -> 4391 | D12: =LARGE('Base de datos limpia'!N$2:N$8001,1) -> 118.63294 | F12: Nota Maxima | G12: =MAX('Base de datos limpia'!O2:O8001) -> 100
B13: 2 | C13: {=INDEX('Base de datos limpia'!A$2:A$8001,MATCH(LARGE('Base de datos limpia'!N$2:N$8001,2),'Base de datos limpia'!N$2:N$8001,0))} -> 426 | D13: =LARGE('Base de datos limpia'!N$2:N$8001,2) -> 112.16977 | F13: Horas de juego promedio | G13: =AVERAGE('Base de datos limpia'!D2:D8001) -> 4.0857725
B14: 3 | C14: {=INDEX('Base de datos limpia'!A$2:A$8001,MATCH(LARGE('Base de datos limpia'!N$2:N$8001,3),'Base de datos limpia'!N$2:N$8001,0))} -> 7347 | D14: =LARGE('Base de datos limpia'!N$2:N$8001,3) -> 111.44977 | F14: % estudiantes de alto rendimiento | G14: =COUNTIF('Base de datos limpia'!$S$2:$S$8001,"Alto")/COUNTA('Base de datos limpia'!$S$2:$S$8001) -> 0.5075
B15: 4 | C15: {=INDEX('Base de datos limpia'!A$2:A$8001,MATCH(LARGE('Base de datos limpia'!N$2:N$8001,4),'Base de datos limpia'!N$2:N$8001,0))} -> 853 | D15: =LARGE('Base de datos limpia'!N$2:N$8001,4) -> 111.0221
B16: 5 | C16: {=INDEX('Base de datos limpia'!A$2:A$8001,MATCH(LARGE('Base de datos limpia'!N$2:N$8001,5),'Base de datos limpia'!N$2:N$8001,0))} -> 7832 | D16: =LARGE('Base de datos limpia'!N$2:N$8001,5) -> 110.54979
C17: "Nota: el Top 5 incluye registros con grades originales. Los valores > 100 son errores de carga identificados en la limpieza."
B20: Genero | C20: Nota promedio por genero | F20: Nivel de estres | G20: Cantidad de estudiantes
B21: FPS | C21: =AVERAGEIF('Base de datos limpia'!H2:H8001,"Fps",'Base de datos limpia'!O2:O8001) -> 65.568795 | F21: Bajo | G21: =COUNTIF('Base de datos limpia'!M2:M8001,"Bajo") -> 2743
B22: RPG | C22: =AVERAGEIF('Base de datos limpia'!H2:H8001,"Rpg",'Base de datos limpia'!O2:O8001) -> 65.393773 | F22: Medio | G22: =COUNTIF('Base de datos limpia'!M2:M8001,"Medio") -> 4247
B23: Casual | C23: =AVERAGEIF('Base de datos limpia'!H2:H8001,"Casual",'Base de datos limpia'!O2:O8001) -> 65.524002 | F23: Alto | G23: =COUNTIF('Base de datos limpia'!M2:M8001,"Alto") -> 1010
B26: Buscar nota estudiante por ID
B27: ID | C27: Nota estudiante
B28: 10 | C28: {=XLOOKUP(B28,'Base de datos limpia'!A2:A8001, 'Base de datos limpia'!O2:O8001)} -> 82.349236

Sheet Dashboard
A1: Análisis de Rendimiento Académico y Gaming
A2: Dataset: 8000 estudiantes | Fuente: Gaming Academic Performance Dataset
A4: Nota promedio general | B4: =Analisis!G11 -> 65.502585
A5: Nota maxima | B5: =Analisis!G12 -> 100
A6: Horas juego promedio | B6: =Analisis!G13 -> 4.0857725
A7: % rendimiento alto | B7: =Analisis!G14 -> 0.5075
A30: 🔍 El nivel de estrés es el factor más influyente en el rendimiento académico. Los estudiantes con estrés alto obtienen una nota promedio de 82.61, mientras que los de estrés bajo apenas alcanzan 49.44. Esto sugiere que el estrés alto podría estar asociado a mayor motivación o exigencia académica. Acción: investigar si los estudiantes con estrés alto también tienen menor tiempo de gaming. | C30: 🔍 El género de juego no determina el rendimiento académico. Casual (65.52), FPS (65.57) y RPG (65.39) muestran promedios prácticamente idénticos. No hay evidencia de que el tipo de juego afecte las notas. Acción: enfocar el análisis en otras variables como horas de juego y horas de estudio. | E30: 🔍 El estudiante promedio juega 4.09 horas diarias. Con una nota promedio de 65.50 y solo el 50.75% con rendimiento alto, existe margen de mejora general. Acción: analizar si existe un umbral de horas de juego a partir del cual el rendimiento cae significativamente.
